{
    "best_coil_phase": [
        0.8771910969486555,
        1.4028141746234093,
        1.0794462883851983,
        -0.37208394255112504,
        0.2489656073289049,
        0.9348234186195914,
        0.06856040586159971,
        0.2558346366559168
    ],
    "best_coil_amplitude": [
        0.5414449868711247,
        0.31233626588013275,
        -0.15579056086468657,
        0.5945226844457889,
        0.6445315216584027,
        0.5157807024728848,
        0.028405089449195987,
        0.6670168633156548
    ],
    "best_coil_config_cost": 2.226819950167657,
    "default_coil_config_cost": 2.065028239016084,
    "cost_improvement_absolute": -0.16179171115157276,
    "cost_improvement_relative": 0.07834842550562941,
    "cost_function_name": "B1HomogeneityCost",
    "cost_function_direction": "maximize",
    "simulation_data": "children_3_tubes_10_id_6299"
}