{
    "best_coil_phase": [
        0.4014497710399542,
        0.9725272555346044,
        1.551886513382176,
        -0.32254535048546623,
        -0.038847191886264176,
        0.9579223840062439,
        1.2188284736635857,
        -0.22242311748911622
    ],
    "best_coil_amplitude": [
        1.0236958403781877,
        0.9079772140925336,
        0.7453683205468798,
        -0.11960010323406894,
        0.7911934167406445,
        0.6238918056488569,
        -0.01368448834113215,
        0.8562104090756965
    ],
    "best_coil_config_cost": 2.224117287659313,
    "default_coil_config_cost": 2.065028239016084,
    "cost_improvement_absolute": -0.15908904864322881,
    "cost_improvement_relative": 0.07703964799969483,
    "cost_function_name": "B1HomogeneityCost",
    "cost_function_direction": "maximize",
    "simulation_data": "children_3_tubes_10_id_6299"
}