{
    "best_coil_phase": [
        -0.3431206125385226,
        0.8533439996308639,
        1.8613446523314652,
        2.3963281973991406,
        3.0245090178087803,
        4.046786065744496,
        4.801257764647512,
        5.332149178790297
    ],
    "best_coil_amplitude": [
        0.05613023128010529,
        0.04539194353113542,
        0.06677605069327283,
        0.06824131978018921,
        0.06090905793494566,
        0.06308134261270838,
        0.0773319858127193,
        0.0667772220794559
    ],
    "best_coil_config_cost": 3.0284535400012524,
    "default_coil_config_cost": 1.5004573460476576,
    "cost_improvement_absolute": -1.5279961939535949,
    "cost_improvement_relative": 1.0183536359620466,
    "cost_function_name": "B1SARHomogeneityCost",
    "cost_function_direction": "maximize",
    "simulation_data": "children_3_tubes_10_id_6299"
}