{
    "best_coil_phase": [
        3.609380084485833,
        5.259782140054682,
        4.34265970127606,
        5.545613329082508,
        4.108931027834479,
        2.454196766267419,
        2.1716240172777357,
        5.969895904323935
    ],
    "best_coil_amplitude": [
        0.7528632439900489,
        0.7089388631750874,
        0.6184151870513103,
        0.91143115550504,
        0.19083783334934346,
        0.8323706843767077,
        0.6002687309422784,
        0.061027046174569666
    ],
    "best_coil_config_cost": 1.8661030579462972,
    "default_coil_config_cost": 2.0650440025302657,
    "cost_improvement_absolute": 0.1989409445839685,
    "cost_improvement_relative": -0.09633738764898439,
    "cost_function_name": "B1HomogeneityCost",
    "cost_function_direction": "maximize",
    "simulation_data": "children_3_tubes_10_id_6299"
}